,Comments,Emotion_predicted
0,what editing bro,Positive
1,"on 26/10 in kavali, the driver of the rtc bus going to bengaluru was beaten indiscriminately by the ycp rowdies for not giving his side.",Positive
2,last key kashi yatra,Positive
3,bus yatra is not like this yatra.,Positive
4,351 lux kottlu malli kodali bokka le ki enkenni kavalira tuss tdp,Positive
5,bhubaneswari bocca jabberdsat bocca,Positive
6,"if we vote for the fan symbol, this time we also have to cheer for the same fan",Positive
7,tell me the good things done by your government,Positive
8,hello ap bye bye ycp people say,Positive
9,my name is kokevurukondaya chenchugariripalli ontimitta mandal kadapa dist i am ycp karkarta fan from rajasekhar reddy you are jagan fan,Positive
10,jai jagan anna god bless you forever and ever all is well jagan anna,Positive
11,"there is no cursing if you go to gadapa gadapa, what are people saying?",Positive
12,what will the thief nayas do?,Positive
13,hail hallelujah hail christ,Positive
14,mee sakshi tiviki jagan dam patindhi jai hale luya,Positive
15,jagan said that a thief would come and people would kill crores,Neutral
16,"on the other hand, tdp will win, anchor aunt jagan will lose and ysp will be empty",Positive
17,you will come again,Positive
18,jai jagan anna,Positive
19,super,Positive
20,shalini said that all the people work together for jagan and the elders are the same,Positive
21,super,Positive
22,jai jagan anna johar y s r,Positive
23,"put babu inside and you are moving well, you are super",Positive
24,"jagan, modi is accompanying us, you will be reduced",Positive
25,jagan anna please take care anna andhra pradesh roads are not that much safe fully damged and dangerous tack care anna jai jagan anna,Positive
26,pithulu kodikattividammajebudenge mukagudala sulli yatra pade samadigori,Positive
27,175-5 only 5 seats will come to vissar cp,Positive
28,ysr doll,Positive
29,metro to visakhapatnam soon,Positive
31,an angry padma yelled at me,Positive
32,laharilaharilojgamugenugajejgannana,Positive
33,jai jagan reddy,Positive
34,ask about problems in ap first,Positive
35,"babu, first look at public welfare",Positive
36,son of the thief lanja,Positive
37,are you stopping the buses going to rural areas for your bus trips?,Positive
38,dsc yada vedawalla,Positive
39,a comes with a smile,Positive
40,"jaganna, god is with you. god walks before you. god listens to the thoughts of the righteous. god gives you thoughts. god thoughts are in you. if the liar is god, then god is with those who speak truthfully.",Positive
41,"if you get pictures, will you get jobs?",Positive
42,for her ysrcp,Positive
43,donga media witness,Positive
44,god bless you anna,Positive
45,jai jagan anna,Positive
46,jai pulivendula puli jai vicercp,Positive
47,"without a capital, the whole country will hate us",Positive
48,for her ysrcp,Positive
49,ysrcp leader forcing people to attend party meetings by threatening to remove names of beneficiaries from lists of pensions and other schemes if they do not attend party meetings,Positive
50,all the best jagan anna god bless you forever and ever all is well jagan anna,Positive
51,jai jaganna god bless you jaganna,Positive
52,great cm love you jaganana,Positive
53,kadiri is not gone,Positive
54,jai jai yes jagan mohan reddy garu jai jai yasarcip yasarcip,Positive
55,"don't go down even by mistake, sandals, brooms, rain is inevitable",Positive
56,maa varilo roads vesi 20 years avtundhi maa polvaram mla ni gadapa gadapa program lo adigethe roads vadelendi schemes chepandi ani adguthunaru ayiena roads roads ani nanny adgadhu naku smandham leadhu ani antunaru mari memu evareki vote veyali dam sure ysrcp polvaram constituency lost this time,Positive
57,jai jagan mohan reddy guru,Positive
58,meru ee scheme maku vadhu dayachesi roads it companies development cheyandi oka it mnc vasthe cab and cab drivers panshops restaurants low to high shopping malls pubs and metro eni vasthayee gst tho profits vasthayee more over employment pergutundhi automatic ga,Positive
59,e sari vote veyyam ga ma samajika vargam antha veyyam okka chance annav ani vesam adhi kuda pedda ayena ysr garu kosam vesam tv channel logo dagara ysr garu photo thesasav ippudu bus pina kuda ysr gari photo ledhu thandrine pakkana pettesav maku em chesthav nv,Positive
60,all the best jagan anna,Positive
61,jai jagan anna,Positive
62,"story of ycp in 2024, not 3 but 30 regions",Positive
63,well come,Positive
64,jai ys jagan anna,Positive
65,"jagu fraud is not looking for the district, gujja jagu is not a fraud of the men.",Positive
66,290 seats in telangana and andhra jai jagan,Positive
67,welcome,Positive
68,viveka we believe you are jagan reddy,Positive
69,chi is beaten in gadapa gadapa,Positive
70,visakhaku merges into the sundra from there,Positive
71,god bless you jagan anna,Positive
72,kurnool city,Positive
73,bus spread it jagan,Positive
74,jagan anna ravale sicle povele manam anukovetem kadhu aha devudhu pogotadu meeting valla eami avathaiti ra jagan annni mosem eappketik galvadu t d p dhona naa kodikalara,Positive
77,ok,Positive
79,awesome wish you all the best jai jagan anna jay ysrcp,Positive
80,super teacher,Positive
81,"where is nayana social empowerment in the past four years? our chief minister said we don't care about the caste of my sc st bc minorities… it was only applied to the white rayam cards or to the petty cash to survive somehow? you have given expensive positions and jobs only to your social class. mannasakshi should be one. jagan, they did not vote for you. if that happened, you would have got only 5% of the votes. but the deputy chief ministers don't take any decisions on their own, it's like ichhamu, that's how bugganna rajendra prasad, who belongs to your social group, speaks as if he is the whole assembly. this is very unfortunate. do one is this strengthening the community what social empowerment means? in the democracy itself, we are shown rajarikam (king, minister of the army) jagan & chandrababu usually if there are two parties in the state, the party that comes to power acts differently from the other party, but this is not a good sign in the case of support of this one group. at all, the people of that region think that they are lazy and do not respect their language and culture... is it because of these things? because of that, 5 crore people know how much we are suffering now, yesterday we were divided by regions? tomorrow people can be divided based on castes !!!!",Positive
82,jai jagan jai ysrcp god bless u why not 175/25 mp seats sure no doubt in short,Positive
83,jai jagananna jayaho jagananna,Positive
84,psycho povali cycle ravali,Positive
85,jay jagan anna,Positive
86,jagan is the only future,Positive
87,jai jagan anna,Positive
88,jai saban jai,Positive
89,jai saban jai,Positive
90,jai saban jai,Positive
91,who is this trip for a govt who can't even give notification and conduct correctly?,Positive
92,farmers are suffering a lot due to drought and no rains,Positive
93,jai janansena,Positive
94,"<a href=""https://youtu be/jtjktwd0q9u?si=cz8jdqtvkdoezj9a"">https://youtu be/jtjktwd0q9u?si=cz8jdqtvkdoezj9a</a>",Positive
95,babu's all the loopholes of ycp are playing,Positive
96,jai jagan anna,Positive
97,"once pushpa srivani's administration talks about her frauds, anarchies, robberies, and others are unnecessary.",Positive
98,"destruction of the farmers due to your surveys, the farmers would commit suicide by drowning their horns",Positive
99,it would be better if jagan and anna came to the public than you,Positive
100,this is waste channel sakshi rip witness channel,Positive
101,jai jagan anna johar y s r,Positive
102,"era sureshu, are you here?",Positive
103,bc sc st minority mantrulu road meeda padi jagan bhajana aa shaaka pettanaalu panulu maatram mukya salahaa daarulu chuskuntaaru hat's off jagan anna kaalam tho pani lekunda ee aadunika kaalam lo kooda janaalni gorre lani cheyaali ani prayatnistunaav,Negative
104,"he cheated the unemployed by saying that he would give them mega disc, this seam is again coming to the public with m's face.",Positive
105,tenali,Positive
106,jai jagan anna,Positive
107,gurkha minister,Positive
108,super,Positive
109,know this you mad dogs,Positive
110,this jagan is an evil housekeeper bandit thief who gave 10 thousand rupees to each of them and stole literally 5 20 000/- per year from each of them under the name of navaratna.,Positive
111,oh no nepalese child how well you are crying poor thing,Positive
112,jay saban,Positive
113,shut up people who are not there,Positive
114,"in the last four years, jagan has made his social (jagan reddy sajjala ramakrishna reddy mithun reddy bugganna rajendranath reddy sai reddy peddireddy srikanth reddy subbareddy roja reddy mega krishna reddy rajendranath reddy *** reddy *** reddy *** reddy *** reddy *** reddy * ** reddy *** reddy *** reddy *** reddy *** reddy etc) is this yatra of inkendukabba that achieves empowerment? oh, there are still many people in that category! do they want power again for their empowerment?",Positive
115,"agri gold defendants have not received the amount for a few thousand crores, sir",Positive
116,super 175,Positive
117,jai jagan anna,Positive
118,"for the last four years, jagan has been wrong for his community (jagan reddy sajjala ramakrishna reddy mithun reddy bugganna rajendranath reddy sai reddy peddireddy srikanth reddy subbareddy roja reddy mega krishna reddy rajendranath reddy etc) to all the rest of the people ""he taught them to eat fish not patta"" this is to say in one sentence about the jagan administration. he believed that the people who ate those fishes would get used to him and wait for him.",Positive
119,super,Positive
120,super scream,Positive
121,we need jaganmohan reddy to come again as the chief minister with the cold blessings of god and the cold blessings of the people.,Positive
122,నేను నా దేశం భారతదేశంలో ఉన్న అన్ని రాజకీయ పార్టీల అధినేతలకు హెచ్చరిక bjp congress tdp ysr bsp janasena trunamul congress jds dmk ఇలా ఇంకా భారతదేశంలో ఉన్న పార్టీల అధినేతలు మీరందరూ దేశ పౌరుల భవిష్యత్ కన్నా మీ పార్టీల మనుగడ కోసం కులాలు మతాలు అని భారతదేశ ప్రజలలో ఉన్న ఐకమత్యం దూరం చేయాలని ఈ మధ్యకాలంలో ఎక్కువగా మీడియా డిబేట్స్ పెట్టి ఏ కులానికి ఎక్కువ  ఓట్లు ఉన్నాయి ఏ కులం వారికి తక్కువ ఓట్లు ఉన్నాయి అని డిబేట్స్ పెట్టి మరీ మీ పార్టీలు అనాలోచితంగా ప్రవర్తిస్తున్నాయి ఇది రాజ్యాంగ విరుద్ధం అని తెలియని మీలాంటి వారు భారతదేశ రాజకీయాలలోనికి రావటం చాలా అవమానకరంగా బాధగావుంది దయచేసి ఇటువంటి డిబేట్స్ పెట్టవద్దు అని ప్రార్ధిస్తున్నాను భారతదేశ పార్టీ అధినేతలారా! భారతదేశ ఎన్నికల ముఖ్య ఉద్దేశ్యం      ఏమిటో మీకు తెలుసా? భారతదేశ ఎన్నికల ముఖ్య ఉద్దేశ్యం ఒక్కటే   భారతదేశంలో తనా మనా అని బేధం లేకుండా భారతదేశంలో అన్ని కులాలవారికి అన్నిమతాలవారికి భారతదేశలో ఉన్న వనరులు సమానహక్కులు కల్పించి సమసమాజ నిర్మాణం చేయటానికే భారతదేశ ఎన్నికలు నిర్వహించడానికి ప్రధానకారణం భారతదేశంలో  వున్న కొన్ని  పార్టీల అధినేతలు ఈ విషయం మరచిపోయి కులాలు మతాలు అని ప్రజలలో వేరు భావం చూపించే ప్రయత్నం చేస్తున్నారు ఇది రాజ్యాంగ  ఉల్లంఘన అవుతుంది అంతేకాదు దేశంలో వున్న వనరులు దేశ ప్రజలకు అందిచకుండా దేశ సంపదను  దోచుకుని విదేశాలకు తరలిస్తున్నారు ఇది కూడా రాజ్యాంగ ఉల్లంఘన అవుతుంది అని తెలుసా? భారతదేశంలో పౌరులు త్వరలో ఈ అవినీతి రాజకీయ పార్టీల అధినేతలను భారతదేశ న్యాయస్థానాలముందు దోషులుగా నిలపెడతారు అనే విషయం మరచిపోతే ఇక మిమ్ములను ఈ ప్రపంచంలో ఎవరూ కాపాడలేరు అనే విషయం గుర్తుంచుకుని దేశ ప్రజలకు మంచి పరిపాలన అందించటానికి ప్రయత్నం చేయండి   పార్టీల అధినేతలారా మీకు ఏమికావాలి? అసలు మీరు భారత రాజకీయాలలోనికి ఎందుకు వచ్చారు? 1) నేనే భారతదేశానికి మకుటం లేని మహారాజు అవ్వాలని వచ్చారా? 2) నేనే భారతదేశంలో ధనవంతుడు అవ్వాలని వచ్చారా? 3) భారతదేశ సంపదను దోచుకోవటానికి వచ్చారా? 4) పార్టీల పేరుతో పార్టీల నాయకుల శ్రమను కష్టజీవుల శ్రమను దోచుకోవటానికి  వచ్చారా? 5) భారతదేశంలో  స్త్రీల తెలివితేటలని అనగతోక్కటానికి వచ్చారా? ఇంకా ఎన్నో ఉన్నాయి మీరు ఇంతవరకు ఏమిసాదించారో దయచేసి దేశ ప్రజలకు ప్రత్యక్షంగా  చూపించండి అసలు భారతదేశంలో మీ పార్టీ అధినేతల లక్ష్యం ఏమిటి? మీ పార్టీల ఆశయం ఏమిటి? మీరు పార్టీలు స్థాపించిన దగ్గరనుండి దేశ పౌరులకు మీరు ఇచ్చిన సందేశం ఏమిటి? భారతదేశ పౌరులు మిమ్ములను ఆదర్శంగా తీసుకుని జీవించే విధంగా మీరు దేశాన్ని పరిపాలిస్తున్నా రో లేదో ఒక్క సారి మీ ఆత్మ పరిశీలన చేసుకోండి మీరు మీ పార్టీ సిద్ధాంతాలకు కట్టుబడి ఉన్నారా? భారతదేశానికి స్వాతంత్రం వచ్చిన దగ్గరనుండి దేశ ప్రజలకు నాయకులే అన్ని సర్వస్వం దయచేసి భారతదేశంలో వున్న అన్ని పార్టీల అధినేతలు ప్రజల నమ్మకాన్ని కాపాడి కులాలకు మతాలకు అతీతంగా ఉంటూ భారతదేశ పౌరులకు అండగా ఉండండి భారతదేశ ప్రగతిలో మీ పార్టీల అధినేతలు  భాగస్వాములుగా ఉంటూ సమసమాజ నిర్మాణానికి పునాదులు వేయాలని భారతదేశ ప్రజల తరపున ప్రార్ధిస్తున్నాను ఒక విన్నపం :- పార్టీల అదినేతలరా! దయచేసి సంపాదన కోసం రాజకీయ పార్టీలు పెట్టకండి దేశానికి సేవచేయటానికి ప్రజలకు అండగా ఉండటానికి రావలసిందిగా ప్రార్ధిస్తున్నాను పార్టీల అధినేతలరా!ఒక్క నిజం భారతదేశంలో 70 సంవత్సరాలు వయసులో ఉన్న వృద్దులుకూడా తన కష్టంతో ఇప్పటికి సంపాదించుకుని కడుపు నింపుకుంటున్నారు మరి మనదేశంలో కొంతమంది పార్టీల పేరుతో దేశ ప్రజలకు అందవలసిన సంపదను దోచుకుని జీవిస్తున్నారు మరి మీ పార్టీ అధినేతలు దేశానికి అవసరమా?ఒక్క నిమిషం ఆలోచిస్తే మీకే సమాధానం దొరుకుతుంది ఇంకా ఉంది ధన్యవాదములు భారతదేశ రాజ్యాంగమే భారతదేశ ప్రజల శ్వాస జైహింద్ ఇట్లు మీ భారతదేశ పౌరుడు  ,Positive
123,"after defeating nadendla's room, the thief is badass and english medium",Positive
124,2024 ysrcp flag should be waved jagan mohan who was admired by the people should come again we need jaganan,Positive
125,"cm jagan mohan reddy is always ready to take oath in 2024. the whole country thanks sir cm says ys rajasekhar reddy ys jaganmohan reddy is in the heart of people, administration is ready to take oath that's why people love jagan mohan reddy, he should always be cm jagan mohan reddy. praying for jaganmohan reddy sir to be well",Negative
126,god blesses you ys jagan mohan reddy jai jagan jai ysrcp god always with you brother,Positive
127,jai pulibidada,Positive
128,what did the mother and sister get? ekkafundi social justice drama paid trip tussu people who take money and compete.,Positive
129,god gifted cm of ap,Positive
130,our god is jagan,Positive
131,super jagan c m sir,Positive
132,jai jagan is popular for doing good,Positive
133,ch did not give for how many days,Positive
134,jai jagan anna,Positive
135,420 jagna,Positive
136,420 jagan,Positive
138,175/175 in y nat 2024 are next to ysrcp paper sir,Positive
139,jai jagan,Positive
140,jai jagan anna,Positive
141,like old videos,Positive
142,fake video,Positive
143,welcome jai jagan for his dedication and his governance,Positive
144,the disk is there,Positive
145,super super super super super jai jagan anna god bless you forever and ever all is well jagan anna,Neutral
146,jai jai jagan,Positive
147,whatever is known,Positive
148,jai jagan's brother,Positive
149,ycp did not turn,Positive
150,"just wait, this is the trail, once jagan will come out and that's it, this mota mota will be ringing.",Positive
151,you are super jai jagan mohan reddy garu,Positive
152,why travel if you have done well,Positive
153,"kogi is still close to home, jogi still doesn't believe the new dramas of tome",Neutral
154,175/175 jai jagan anna,Positive
155,"current bills, bus charges, prices of essential goods, even petrol prices have gone up and people are in trouble",Positive
156,manohar won this time too,Positive
157,"madhe ambedkar konaseema district sc kulam i am a security guard in hyde, we are not allowed to enter the house, sir, the house may be government, she is chayaladuma.",Positive
158,super cm,Positive
159,jai jagan,Positive
160,super,Positive
161,super jai jagan anna,Positive
162,mata nila bettu kunna oke okka magadu c m g sodi kaburlu cheppi (ejanda menifesto net lo teesi vesi road ekki sodi kaburlu cheppi navadi kibudhi cheppe roju kosram sidhapadandi jai jagan anna well done,Positive
163,let's bring janga,Positive
164,mr jagan is not even putting foot on the ground yet still so much crowd now imagine once he comes out for tour during election it will be unimaginable crowd,Positive
165,good luck,Positive
166,epudu gurthu vachindi na sc na st na bc soooooo epudu elections vastunai kada epudu andaru gurthu vastaru cm ku enni rojulu pakana peti epudu na sc na st anta chiii chudataniki sigu ga vundi,Positive
167,bad ycp,Positive
168,"anyone will come if you give them money, that's all",Positive
169,"anyone will come if you give them money, that's all",Positive
170,jai jagan,Positive
171,super sir jai jagan,Positive
172,jai pulivendula puli jai vicercp,Positive
173,super,Positive
174,good government great cm jagan mohan reddy,Positive
175,jai jagan reddy,Positive
176,wonderful,Positive
177,super chase anna,Positive
178,super,Positive
179,super cm - mastermind,Positive
180,great cm jagan who fulfills his promises and asks for votes,Positive
181,"for this too, has a target been set for volunteers for the evacuation of people",Positive
182,in andhra vsrcp 1st failed place tenali vsrcp candidate will fail in chompulsory tenali if not change,Positive
183,all the best jai jagan jai ycp god bless you jagan,Positive
184,the size of the lava,Positive
185,jaehauserjaijagan,Positive
186,jajagan,Positive
187,jaiysrcp,Positive
188,good,Positive
189,jajagan,Positive
190,awesome,Positive
191,wasn't your jagan reddy in jail for 16 months?,Positive
192,naku aythey em use ledhu i government lo malli nenu reddy ni em chestham peruke reddy naku oka scheme kuda raledhu ranivaledhu ma village lo maku em levu properties em chestham time naku aythey em scheme raledhu anthey,Positive
193,there is no photo of vissar in the bus,Positive
194,oka reddy party social justice chi chi chi jai andhra bc party and bc velama party,Positive
195,"if there is a god, then all our ocs will turn together. come on, you also have lips in our ocs, recognize them and help them.",Positive
196,jai jagan sir,Positive
197,jai jai jagan anna jai ​​jai jagan anna jai ​​jai jagan anna jai ​​jai jagan anna jai ​​jai jagan anna jai ​​jai jagan anna jai ​​jai jagan anna jai ​​jai jagan anna jai ​​jai jagan anna,Positive
198,iam ysrcp top official website,Positive
199,what did oc do?,Positive
200,super,Positive
201,this is jai jagan's social empowerment yatra,Positive
202,super brother,Positive
203,jay cup,Positive
204,"no matter how many pretenses you put on, the majority of people still believe you",Positive
205,super brother,Positive
206,financial assistance is being provided to the poor,Positive
207,jagan samajikta yatra zindabad,Positive
208,there are 200 members in front of the bus and it's not that big of a crowd.,Positive
209,wonderful,Positive
210,super everyone's party,Positive
211,super,Positive
212,"bihar cc was dropped because he believed in jaganga's life once and for all, if he votes for him again, that's it.",Positive
213,kalu dobaya to your tv 5 net,Positive
214,jai jana sen jai pawan anna jai ​​hind 2024 seem of andar pradesh pawan anna,Positive
215,you don't have the guts to tell the truth because people don't come to ycp yatra it won't happen in this life kabin gadu will be in jail all his life jai jaggan,Positive
216,one chance is over,Positive
217,no social justice in ycp bus yatra they need votes of all castes but they give power only to reddys all people understood this,Positive
218,whatever janazana please vote for janazana,Positive
219,people have understood by now,Positive
220,they throw some of the stolen money to the people mlas stole crores in cbn time single rs antanivvala adi cbn greatness ycp alibaba 150 thieves,Positive
221,save ap from jagan,Positive
222,420 ycp 150 mlas tied up chavandira kukkalara cbn visionary leadership,Positive
223,"bijjala's response to this :- why don't you think there were no people in the meeting? because the mla served everyone a lot of cold drinks, all the people went to urinate en masse, then this tv five abn is making videos and spreading bad propaganda against the government.",Negative
224,put mi pada on the bus,Positive
225,jai tadap jai kaban sir jai lokesh jai amravathi,Positive
226,"add the quails and smell it, nothing more",Positive
227,botchloyatra api water for the farmers what la ivvalo thought ra vedavallara sontadappu but for the people to hide what mi picaru looting,Positive
228,like a bus trip,Positive
229,dokra women are being forcibly brought to the assembly,Positive
230,send the comer,Positive
231,people still think they are crazy to give all the posts to the reds and go on a social bus trip,Positive
232,people should always understand,Positive
233,govinda govinda govinda govinda ykp,Positive
234,i am with cbn sir u ?,Positive
235,sama samajaniki artham prasninchna sc st bc minaratiesni chapeyadama siromundanam cheyinchdama dalitha mahilalani rape chesi champeyadama champinavarini rape chesina varini kapadi vari pakkana vesukuni thiragadama edi sama samajam,Positive
236,everyone understands that ycp is not going to win or die but the sad thing is that they are forcefully closing the shops there for the meetings and beating the stomach of the businessmen.our full support is with the janasena tdp alliance.,Positive
237,good news,Positive
238,420 y cp,Positive
239,jai tdp bye bye ycp,Positive
240,bus yatra tus,Positive
241,what is missing is realization,Positive
242,"people, don't fall prey to schemes and ruin your lives",Positive
243,"once upon a time jagan meant that the roads were full of alleys, but after listening to jagan's words, he bought glasses and bought them like this, thinking that he would do a lot at a young age.",Positive
244,paid travel tusu travel,Positive
245,ichchapuram constituency janasena adda ikkada tdp ki ticket iste janasena tdp kalisi failure tappadu janasena ki matrame iste success kevutundi ikkada bendalam ashok ki iste intiki pampistaru,Negative
246,bachao andhra pradesh to waichipi,Positive
247,correct,Positive
248,hatao yellow media bachao andhra pradesh,Positive
249,"all of you come and vote in andhra, but tdp sunnasena will not deposit",Positive
250,people should not make face ycp should be kicked out,Positive
251,everyone came without work with your boku news money,Positive
252,a jaggubhai will come and become a virus. there is not a single job calendar except for misguided schemes.,Positive
253,ra nee bokkalo tv how will the people be apart from the start of the meeting,Positive
254,no disappointment honestly for those who thought they couldn't cry yet,Positive
255,"hey jagan 175/175 means they will debar like a paper leak, if they are mad it will be like this but as long as modi who studied 4th class is there, no matter what he does, he will not pay.",Positive
256,jai sc bc st muslim brothers k,Positive
257,panileka pote sari samvastaraniki oka padi velu iste udharinchintta rastra abivridhi akkarleda job s levu roads levu pentions vithanthi pention eanthomandiki theesesaru current bill penchadam patha valla pentions kooda theesesaru cbn 2000/- varuku icharu meerentha icharu,Positive
258,420dongacm,Positive
259,take a singing trip,Positive
260,and it seems that there are not enough chairs in sakshi!,Positive
261,bossada guys will not get a single seat,Positive
262,devkra did not call the women,Positive
263,people have understood by now,Positive
264,"there are no people in ycp, no activists, only bullies, goons, and some murderers",Positive
265,"if people dare to come, every trip should be shown with a drone",Positive
266,jai jagan anna,Positive
267,beat them with brooms again,Positive
268,akkada ambedkar gari photo undhani nuvvu sc caste peru ani chepthav raa desam loni chettha channel idhi ambedkar ni ippudu nuvvu sc antavaaa caste peruulu avasaramaaa,Positive
269,good job,Positive
270,nice,Positive
271,rip jaggu bharathi criminal 420 batch jagan povali ap ki pattina seni povali jagan bharathi looting ap land sand mines jobs industries innocent people don't vote criminals,Positive
272,bharathi reddy is biggest corporate criminal in india with all illegal assets and companies all companies are illegal scam looting public money don't vote criminals rip jagan bharathi ysrcp 420 batch please save ap,Positive
273,dogs van,Positive
274,aap kam 2024 lo kuda ya s jagan mohan reddy garu,Positive
275,super ana jai isar jai jagan ana,Positive
276,jai jagan,Positive
277,jai saban jai,Positive
278,jai saban jai,Positive
279,jay saban,Positive
280,"come on, come on, people are waiting, chairs are folded and ready for you",Positive
281,christian symbol,Positive
282,why are the people in a good mood and beating with sandals? 420,Positive
283,jai jagan,Positive
284,"where is nayana social empowerment in the past four years? my sc st bcs don't look at caste… it's only applied to white ration cards or something like that for retail cash to survive? you gave expensive positions and jobs only to your social class. mannasakshi should be one. jagan they are the only ones who did not vote for you, if that happened, you would get only 5% of the votes. unfortunately, the people of the state don't know who they are, and if they go to the media and say it, it's as if the deputy chief ministers don't take decisions on their own. bugganna rajendra prasad, who belongs to your social group, speaks as if he is the whole assembly. this is very unfortunate. also, when sajjala ramakrishna reddy came out, he asked, ""mother vote, sister vote, sister vote, younger brother vote. is this what social empowerment means to strengthen a certain group with the votes of all?"" jagan & chandrababu are showing us rajarikam (king's minister army chief) in prajaswam itself generally, if there are two parties in the state, the party that comes to power behaves differently from the other party, but this is not a good sign in the case of favoritism of one group and sometimes it gets confused. everyone knows why the division of the state took place because of the fact that the people of that region are not allowed to get all the opportunities, their language and culture are not respected. because of that, 5 crore people know how much we are suffering now, yesterday we were divided by regions? tomorrow people can be divided on the basis of castes !!!!!!!!!!",Positive
285,dakrvalkipanitaglme,Positive
286,syco povali cycle y,Positive
287,i networked,Positive
288,please change bus headlights very old lights prist then start bus journey jai jagan ravali jagan wanted jagan,Positive
289,puppets have positions of worship but no power,Positive
290,"someone is coming, stop it",Positive
291,jai jagan said it correctly,Positive
292,super said,Positive
293,super super super,Positive
294,great cm sir,Positive
295,who doesn't believe the levels of these ascetics,Positive
296,nani gaari i admire your confidence,Positive
297,superb speech nani sir,Positive
298,jai jagan,Positive
299,nani garu excellent i admire you sir,Positive
300,anna said that ycp government through kapu caste should see you as cm,Positive
301,jai jagan,Positive
302,"and what are the castes, babu?",Positive
303,sir mari ap lo chala mandi mla are there kadha vala children where chadutunaru jagan gari children mari london lo evaru,Positive
304,"excellent nani <a href=""http://garu you/"">garu you</a> explained in detailed about problems of public facing and it's solutions thanks <a href=""http://sir you/"">sir you</a> are one leader of kapu not alone but to all",Positive
305,need to give speech in each public meeting until end of elections super speech,Positive
306,excellent speech 100%correct,Positive
307,super super,Positive
308,this person jai jagan should say that he was hit by the meeting of ori naya or nani,Positive
309,boy boy jagan reddy don't want jagan reddy gadu we don't want roi,Positive
310,super speech anna,Positive
311,"if you want to get rid of poverty, don't stop them from getting higher education i.e. book school.",Positive
312,crazy good speech to crazy people 175/15,Positive
313,"tdp gave loans of 5000 to 20000 to 5000 to 20000 by putting in the book ssi corporations, now tell me why ycp has not given it.",Positive
314,let isr let jagan anna let nani anna,Positive
315,jagan bull cancel withe next come my sir,Positive
316,"nani garu has said it very well. preeti ysp leader has a lot more in people's minds. if people take those too, the government will be very good.",Positive
317,super nani,Positive
318,a jagan anna adda,Positive
319,wonderful speech nani ji satyameyva jeyethy,Positive
320,jagan's daughters are also in london,Positive
321,jai jaganna,Positive
322,ap cm sri ys jaganmohan reddy you said well about the administration sir god bless you sir,Positive
323,"perni nani garu is not in your politics, you should be with jagan",Positive
324,great speech,Positive
325,uraa mass speech keka nani anna,Positive
326,awesome speech,Positive
327,nani garu's speeches are all very easy to listen to. a good leader is not a good speaker. may u live hundred years.,Positive
328,everyone's dream is ysr congress jai jagan,Positive
329,anna super anna you made me cry,Positive
330,nanidowndown,Positive
331,jai jaganna,Positive
332,super cm jagan,Positive
333,you don't talk about anything that works,Positive
334,super anna,Positive
335,if we win this time,Positive
336,tdp jana sena no pawan kalyan achting drama pawan kalyan abbadalu pawan kalyan politics for money,Positive
337,get rid of the eager jana sen bjp and save the country,Positive
338,best ruling jagan anna best speech perni nani,Positive
339,jai jagan's party vice-rcp zindabd life long cm jagan aka vice-rcp zindabd,Positive
340,excellent speech,Positive
341,wow super message sir correct very nice tq so much,Positive
342,such a wonderful speech… nani garu… i got goose bumps,Positive
343,"nani, you are a great orator at the level of v ranga.",Positive
344,super name is nani garu,Positive
345,super nani garu great tru speech jai jagan,Positive
346,mana nani anna majaka adhursu excellent speech correct ga chepparu nani garu 2024 lo vachedi jagan mohan reddy garu administration very nice confirm palana very good wonderful dynamic cm jagan mohan reddy garu jagan anna garu tho yavaru satiraru simham single ga vastundi pandulu gumpu vastai,Positive
347,jagan sir definitely win in 2024 elections,Positive
348,jai jagan anna,Positive
349,nani garu you are very super sir,Positive
350,what bonda valleybonda,Positive
351,super speech great people,Positive
352,"anna, what you have said is true 100 times again, jaganmohan reddy's cm is true",Positive
353,jayaho jagananna,Positive
354,all of you will be shocked when the pictures come,Positive
355,english balavantamga ruddakandi pillalu pressure feel ayyi chanipogalaru chadavaleka vallistaniki vadileyandi upadi leni chaduvulu enduku inni dabbulu kharchu enduku dabba ki kakapothe,Positive
356,by by ycp,Positive
357,nani garu super speech,Positive
358,super speech sir jai jagan,Positive
359,wonderful speech,Positive
360,utter flop show good bye ycp,Positive
361,excellent,Positive
362,ori nee esalo is a buffoon who takes people on a bus trip,Positive
363,nani garu speaks correctly,Positive
364,once more yrcp,Positive
365,i love you nani anna,Positive
366,excellent minister nani,Positive
367,super speech and heart touching voice,Positive
368,nani anna sooper speech and narration about y ysj again,Positive
369,jai jagan,Positive
370,apara babu is your blood,Positive
371,"how many cms since 1983, a cm like marina jagan will not come even after 2024. sir, no one can tell about the life of a poor person better than you, sir. thank you sir.",Positive
372,"donations have been collected from the public in the name of bricks for the construction of the capital of kammaravati. in this, some media houses have also collected the money.",Positive
373,super sir good speech,Positive
374,i share raavodhu i share rural home,Positive
375,"the post of minister has been filled, the posts of deputy cm have come up, tell me that all the ministers have achieved in depth.",Neutral
376,super super,Positive
377,in nani babu super jai jaijagan jaijaganbabu jai yasser,Positive
378,"in the current govt, the entire reddy's eh as that also say that",Positive
379,"if tughlaq jagan defeats gadi and sits at home, the whole state will improve",Positive
380,jai jagan anna jai ​​nani garu 2024 next cm jagan anna,Positive
381,anna super nani anna's speech,Positive
382,super anna,Positive
383,super speech,Positive
384,he has a mustache,Positive
385,you are super sir,Positive
386,good speech nani,Positive
387,excellent speech,Positive
388,super said sir,Positive
389,jai nani jai jagan,Positive
390,"if people become slaves to the leaders of some party, if you risk your lives for the leaders, it is your people who will fall on the road.",Positive
391,all dummy pieces,Positive
392,where are your children studying?,Positive
393,"abba abba what a speech anna, even if i remember my past for a little while, i read wrong, there are such facilities, i am still in a good position, vani nemo.",Positive
394,super speech,Positive
395,"we want jagane, we want jagan, we want jagan, we want jagan, our jagan",Positive
396,super sir speech,Positive
397,did anyone give you the script or was it all whiskey on the rocks? leave any dialogues in vademma movie too,Positive
398,super wasp sir,Positive
399,super speech nani anna,Positive
400,excellent speech tq,Positive
401,superb speech sir,Positive
402,super sir jai jagan anna no1cm in india jai ysr,Positive
403,"ellara, your yadava is good",Positive
404,"nani has increased the dose in the speech, super",Positive
405,well said sir super super excellent,Positive
406,super anna your speech,Positive
407,jai jagan,Positive
408,nani anna gave it,Positive
409,what you have said is 100% true,Positive
410,bale bale said sir,Positive
411,super nani garu we listen to jagan's speech as attentively as we listen to your speech.,Positive
412,"everyone will sit next to jagan. after 2024, kodi, wait, why hurry?",Positive
413,"cabin d dept scheme stands for loot, share, eat jagan scheme dbt direct benefit transfer",Positive
414,hi nani anna mee speech super anna,Positive
415,very funny speech nani comedy well done,Positive
416,"super nani first time i watched the video without skipping, excellent speech and explanation",Positive
417,hats off nani garu,Positive
418,my teeth are crooked,Positive
419,super ann,Positive
420,you say like jaganmohan,Positive
421,"if we return the whole state of nani perna, 175 will be 175 and kapuku's intelligence will be 100000% karat.",Positive
422,name nani garu you want cm,Positive
423,nani garu you are super,Positive
424,super nani sir,Positive
425,anna named super speech,Positive
426,nani garu your analysis is correct,Positive
427,super speech sir,Positive
428,jai jagan jai ycp said super speech nanny garu to understand well,Positive
429,superb,Positive
430,please provide jobs and development what is the use of these politics,Positive
431,nani garu is called super leader,Positive
432,please provide jobs and development what is the use of these politics,Positive
433,jayaho jagananna jayaho,Positive
434,"aha! no matter what dramas are being played to make people mad, on the one hand you have covered the loss you want and are still doing it, so these dramas will not affect the people.",Positive
435,relli is kingship for them too,Positive
436,kaavali jagan malli malli ravali jagan jai jagan,Positive
437,next nani,Positive
438,super mp raju,Positive
439,jai perinani anna peru kitne sir next mla jai jagan 2024 ysrcp sweep ap development leader jaganna all karnataka people supported jaganna i am in bangalore people,Positive
440,how many ministers are there?,Positive
441,jai jagan anna,Positive
442,nani garu what you said is true jai jagan mohan reddy jai nani brothers,Positive
443,have you come to develop the state or to destroy it?,Positive
444,guards took 2 locks in cabin time,Positive
445,up was destroyed,Positive
446,jai jaegan jai jaegan jai parani nani anna,Positive
447,cm jagan is a leader who knows the hardships of the people,Positive
448,so you can find it,Positive
449,you are killing those dalits,Positive
450,yes anna crct ga chepparu anni dabbulu unnavalaku kuda edi arthamavvalli nijam anna ipudu govt schools chadive pillalu repu manchi position lo untaaru na jagan sir valla yes it is the real development i accept anna jai jagan anna jai jai jagan anna luv u jagan sir,Positive
451,jagan oka criminal,Positive
452,you've got a potion,Positive
453,rip sibin pappu naidu pavla package kalyan naidu,Positive
454,where are your children studying where are nani & jagan's children studying ra thorri palloda,Positive
455,super speech nani anna jai ​​jagan anna,Positive
456,super,Positive
457,"super abba, nani, this still has to go, you have made people crazy, you have made a director go crazy, when you say that a director has appeared in you, the scenes appeared in front of your eyes.",Positive
458,"don't distribute money to people, development should be done, watch zip and video, and be ashamed.",Positive
459,y s jagan mohan ,Positive
460,speech is about caste,Positive
461,super excellent talk nani sir garu jai jagan jai jai yasirseep,Positive
462,narsapuram almost jsp confirm,Positive
463,pretam bhajan bhajan,Positive
464,super super speech,Positive
465,super super sir,Positive
466,sir please don't say 10% of the people,Positive
467,jai jagan,Positive
468,like this type of content from leaders ilage yee speech ni thesukuni velithe definitely yrscp will wil win again in 2024 need this type of speech s from all,Positive
469,"nani's speech was amazing, jai jagan",Positive
470,little anna on jai jagan anna jai,Positive
471,super speech nani sir,Positive
472,jagan only star campaigner remaining leaders are just numbers they not attracted people jagan and you ravali what kind of people are not profitable,Positive
473,"what kind of caste politics, what good thing have i done for you, swami?",Positive
474,jai jegan,Positive
475,jai ho yasar sup jai janneta jagan ana jai yasar cup super speech sir,Positive
476,nani garu called super speech,Positive
477,the speech of nani pai pai gadda of our village is super,Positive
478,do you work to reduce my debt in the name of orei?,Positive
479,excellent massage sir,Positive
480,superb,Positive
481,super or super jai jagan anna next 2024cm y s jagan anna,Positive
482,people listening to the pin drop silently is great,Positive
483,super talk,Positive
484,nani sir your speech is super,Positive
485,perli nani garu meeru cheppevi styalu but jagan sir sonta oorilo hp gas agency tappa indian gas kani bharat gas kani jagan related vallu ranivvaledu hp gas agency kuda jagan relations di mari jagan garu pulivendula nu valla relations ku ammesadu rtc busand area kattaru kani emi development ledu,Positive
486,sir you are real hero wonderful speech sir no matter how much you show about me,Positive
487,ohh emi wonderful speech nani anna excellent,Positive
488,super nani anna,Positive
489,for her ysrcp,Positive
490,for her ysrcp,Positive
491,"oh, you just said it",Positive
492,mudunuri prasadaraju district head coaters nee dengamettadu bridge construction work to godavari cheyyamanu,Positive
493,sare sir mee mla seat mee mee kulam lo unna pedha vallake isthara meku chepthunnaru kadha mee kodukukemo 60 lakhs watch a ade pedha vadi pillalake emo kanisam chudhuvukunna vallake emina job vundha,Positive
494,jai jagan's janaranjaka administration is mana jagananna's administration,Positive
495,what does it mean?,Positive
496,useless sodi,Positive
497,excellent speech said facts said good said good,Positive
498,good speech,Positive
499,any sim,Positive
500,ysrcp party doing good to poor people next cm jagan mohan reddy garu super,Positive
501,palasa brand,Positive
502,seediri appalaraju,Positive
503,jai jagan sir,Positive
504,excellent ga chayparu nani garu me speech kosar mamu wait chaysthunamu meranaa kodali nani garu roja garu kaythireddy garu kottari abhayechowdhari garu vallabhanani vamsigaru sidhiri appalaraju garu me speech s kosam me press meetings kosam chusthuvuntam,Positive
505,100 ki 100 marks nani anna ku always pure words,Positive
506,super brother pernie nani garu,Positive
507,super brother pernie nani garu,Positive
508,super brother pernie nani garu,Positive
509,super brother pernie nani garu,Positive
510,excellent,Positive
511,yenti anna full fire always great,Positive
512,let the canteen run,Positive
513,jai jagan,Positive
514,one video about erold green sir,Positive
515,shabash nani,Positive
516,"you stop it, babu",Positive
517,"you can make a lie sound like the truth, porni",Positive
518,andhra pradesh is the most useless politics in india,Positive
519,superrrrrrr nani garu,Positive
520,super sir,Positive
521,"perni nani garu gives a very good and timely speech, super sir",Positive
522,great speech nani garu,Positive
523,sammy you are top,Positive
524,bring the rajkus up politically too jagan garu only ycp has that power jai ycp,Neutral
525,very good speech sir 175/175,Positive
526,very nice jai b s sk sat minriti jai jagan jai jagan jai jagan jai jagan jai jagan jai jagan,Positive
527,cake nani garu,Positive
528,teachers should work hard just like jagan anna amma vadi program only then the kids will learn and shine,Positive
529,sehbash is called nani. he spoke about jagan's rule with a great heart. you are also kodali (nani's brothers).,Neutral
530,suuuuper,Positive
531,salute of speech in,Positive
532,brother chilchi chandaru peoples listening your speech once more,Positive
533,super speech,Positive
534,machilipatnam tiger name nani religious magician who fearlessly tells the truth bandaru biddah next speaker,Positive
535,superb speech public very interesting your experience political analysts brothers jai jaganmohanreddy,Positive
536,excellent nani sir,Positive
537,my name is animuthyam in kapu caste,Positive
538,kurchunnte's moustache is yabba,Positive
539,yamechepenavanna,Positive
540,jai jagan cum garu,Positive
541,whatever is known,Positive
542,super wasp in it,Positive
543,super speech,Positive
544,superb speech,Positive
545,the worst is my son,Positive
546,good nani anna,Positive
547,nani sir speech super,Positive
548,jai jagan,Positive
549,por pukhaya,Positive
550,super nani anna,Positive
551,anna mandu was upset,Positive
552,super speech nani anna,Positive
553,there is no doubt that jagan garu done 100% social justice to the weaker sections and unknown backward classes by giving appropriate positions it's a history and beginning only! nani garu speech is super!,Positive
554,hi tiger,Positive
555,good speech i am,Positive
556,little thé king of per,Positive
557,people who say we don't want ysr party baboy,Positive
558,sir this is not necessary for people only required for development done by present government remaining all nonsense,Positive
559,pandey 5yrki aap sankankipointi,Positive
560,super speech anna,Positive
561,jai jai jagnan's jai jai nani garu,Positive
562,super,Positive
563,if you vote for pawan kalyan then he will stop doing movies so people our favorite actor pawan kalyan if you want to give us josh by doing movies then definitely defeat him as his party is janase,Positive
564,what a powerful speech nani anna,Positive
565,ycp super 165,Positive
566,"no matter how many conspiracies you do as o nani, you can't win vissar",Positive
567,the name is very well said by the subject,Positive
568,super super,Positive
569,super speech nani anna,Positive
570,jai janasena jai ​​paspak,Positive
571,jai jagan,Positive
572,appi won't win,Positive
573,excellent sir dwarf garu,Positive
574,superb speech bayya,Positive
575,excellent analysis of the pernicious nani garu,Positive
576,what an insightful explanation of why we should support jagan once more jagan has significantly contributed to educational reform a critical step in alleviating poverty hats off to him!,Positive
577,"because of the name nani, the loss of ycp k of those who speak a lot",Positive
578,pattipati pullarao where is our agreed gold amount,Positive
579,anna private school mosey anna,Positive
580,superb speech perni nani garu jai jagan anna next cm pakka 2024,Positive
581,good speech,Positive
582,very transparent government,Positive
583,goose buns' speech perny nani garu jai jagan,Positive
584,tdp dula teerche speech naani anna,Positive
585,"appalaraju, we will win in 2024",Positive
586,spelling msg,Positive
587,very good presentation,Positive
588,jai jagan,Positive
589,super speech sir,Positive
590,the tiger nani speech exllent the true reality speech this is real development jai jagan,Neutral
591,let's wake up and bring isrcip,Positive
592,"nani garu pawan kalyan reading lakhs of books wherever you go, you will be born there and also tell me what tanguturi ambedkar gave.",Positive
593,superb speech nani garu excellent sir,Positive
594,nani's brother laughed and said,Positive
595,development ante idhe…,Positive
596,jaitdpjaicbn,Positive
597,chittakartte's dogs are so bad that it takes 4 months for them to grow up.,Positive
598,perni garu meeru anta alibaba 40 dongalu batch meeru endi mr cbn sir ni vimarcinchedi anavasaram ysrcp ki vote vesa mr ysr sir kuda mr cbn sir ni vimarsa chesadu kani mi lanti language matladaledu so next time cm mr cbn sir,Positive
599,"by name, as many kauravas as pandavas should protect tailylusa dharma",Positive
600,"there is not one common people, your ycp mandai and all you have left is beppam gali",Positive
601,super sir,Positive
602,jayaho ycp,Positive
603,can you tell me the names of the castes?,Positive
604,when will torri's grandfather fall down and cry on the opposition?,Positive
605,jee yadav jai jai madav,Positive
606,jai's name nani garu jai's name,Positive
607,sir perni nani garu will we get the port this time,Positive
608,super speech sir,Positive
609,"we need jagan, we need jagan sir",Positive
610,je nani sir sir,Positive
611,super nani,Positive
612,super speech sir nani,Positive
613,"sollu apoorva paleru nani ga can you talk to me without people, sollu ga?",Positive
614,good speaking,Positive
615,"in the history of state politics, he is a sun that never sets, a dream of a lion in the arms of anarchic forces and a danger in the arms of the poor.",Positive
616,"let's win the telugu nation, which is standing by and reassuring the people who were lied to under the ycp regime",Positive
617,mana babu garu jai telugu desam is a ray of hope for ap which is languishing in darkness,Positive
618,yes,Positive
619,love'u puli,Positive
620,say that vaisar gujja are leaders,Positive
621,rip ap,Positive
622,worst government useless cm,Positive
623,tusss yatràa,Positive
624,super speech suresh anna,Positive
625,jainandigamsureshgarucorrectchapparu,Positive
626,samutachasnavarujailkivallale,Positive
627,good speech anna you are something,Positive
628,hi suresh anna,Positive
629,this witness stinks watching tv,Positive
630,"jagananna is not afraid, jagananna is safe for the people, jaijagananna",Positive
631,jai nandigam is suresh's brother,Positive
632,jai jagan's brother,Positive
633,"how many yatras will babu do when he used to fill all the mlas in the bus? who does this with money? on the other hand, if the tdp case is going on in the supreme court, it will be yatra policemen are sacrificing their lives for all of you unfortunately, the lives of the activists who live as slaves are terrible. there must come a day when there is not a single slave around you. there must be a change in the people.  the officials who are putting the systems out of the hands of the law into the illegal and corrupt hands of the rulers should be jailed for life or if there is a few years of president's rule the systems will be freed from the clutches of the five years of the rulers otherwise the officials are implementing the wretched things that the rulers say without thinking at all. only then will democracy be saved  when a new case comes, forgetting the old case or bail, for so many months and years, every single attack, murder, corruption is being discussed, has at least one of these been proven? it seems that the rulers are judging. release those who committed murder in gujarat on independence day. ours is a great country.",Positive
634,people believe that jagan is a good leader,Positive
635,"if you have managed your jagan well, why are you having so many meetings, you are afraid",Positive
636,everyone goes there without going to jail,Positive
637,chandrababu comes out and greets,Positive
638,great cm jagan who is fulfilling his promises and asking for votes,Positive
639,"chandrababu naidu should recover the corruptly earned money and return it to the government treasury, what will happen if he is put in jail, he will be in jail for two months if not four months and he will be on bail. where will it come from and what should be done to andhra pradesh treasury with chandrababu's corruptly earned money?",Positive
640,learn to speak politely bro and don't rule again,Positive
641,"if the speaker says that he will bend his neck and bring the status, he is getting angry at him",Positive
642,let's see caste let's see religion 70% mla seats and 90% nominated seats are given to reddys only who doesn't believe ysp jagan check,Positive
643,super big sister,Positive
644,2024 once more jagan anna god give all blessings in your life anna,Positive
645,jay jagan anna & jagan anna zindabad,Positive
646,jagan great leader jagan best cm,Positive
647,ysr,Positive
649,prosrnt naxt cm jai jagan anna ycp party,Positive
650,top 10 private university clgs ap state ki teskoni ralekha poyaru e ysrcp kodukulu ysrcp all candidates are waste fellows kanisham district ki oka international school kattalekha poyaru industry ki kavalisina power kosam 5000mw power plant kattalekha poyaru capital ki 40tmc water kavali vati kosam pipe lines veyalekha pogaru capital ki 300kms 4way line roads kavali avvi kuda cheyledu capital ki metro rail kavali avvi cheyledu each district nundi capital nu 4hrs lo reach ayye laa 1600kms 6way line roads veyalekha poyaru each neighboring state nu capital ki less distance road connect ayye laa 3000kms 6way line roads veylekha poyaru asalu e ysrcp government boku parama cetha govt inkosari e ysrcp ki votes vestey inko 5yrs sanki pothadi ap state,Positive
651,top 10 private university clgs ap state ki teskoni ralekha poyaru e ysrcp kodukulu ysrcp all candidates are waste fellows kanisham district ki oka international school kattalekha poyaru industry ki kavalisina power kosam 5000mw power plant kattalekha poyaru capital ki 40tmc water kavali vati kosam pipe lines veyalekha pogaru capital ki 300kms 4way line roads kavali avvi kuda cheyledu capital ki metro rail kavali avvi cheyledu each district nundi capital nu 4hrs lo reach ayye laa 1600kms 6way line roads veyalekha poyaru each neighboring state nu capital ki less distance road connect ayye laa 3000kms 6way line roads veylekha poyaru asalu e ysrcp government boku parama cetha govt inkosari e ysrcp ki votes vestey inko 5yrs sanki pothadi ap state,Positive
652,"shinganamala constituency mla mrs. jonnalagadda padmavathy's leadership, grow up, grow up, grow up jai aluru samba anna",Positive
653,anatha ycp karyakarthalay,Positive
654,jai jagan anna,Positive
655,super,Positive
656,babu ask about library notification,Positive
657,jai jagan garu,Positive
658,jai jagan,Positive
659,"in the morning there is not even a single banner, this live in the same place",Positive
660,super jai jagan,Positive
661,respected events designer please remove this cassette worst hollywood music no subject matter,Positive
662,jai jagun,Positive
663,2 2024 156 y c p pakka jagan anna c m is king,Positive
664,jay jagan anna happy journey,Positive
665,jai jagan anna,Positive
666,jai jagan sir,Positive
667,the people came in fear,Positive
668,jai jagan anna,Positive
669,"if this is the case if only ministers are used, our real hero will enter the arena and it will be the same arena",Positive
670,"if you take a shower, you will know who doesn't come to the pick meeting where pilka psychos are playing.",Positive
671,this is mr psycho bafoon fake news,Positive
672,fake photo no such street in singanamala,Positive
673,jai yaho jagan anna,Positive
674,super song,Positive
675,pedal party ysrcp party,Positive
676,"no matter how hard it is, ycp won't get 2024, people of ycp are fixed, no matter how many bus trips they do, no matter how many dramas they do, people don't believe it.",Neutral
677,jai jagan anna,Positive
678,jagananna has fulfilled 98% of his promises so far. some of them are 1 special status 2 cancellation of cps 3 three capitals 4 one airport per district 5 construction of medical colleges in the state if there is water problem 6 kapu nestham 7 mega dsc every year 8 job calendar every year 9 job calendar 2 every year lakh 50 thousand jobs 10 alcohol ban there is nothing wrong in giving 175/175 to such a person,Positive
679,super duper hit,Positive
680,151 seats hit the roads with power,Positive
681,not even 10% of the people who come to pawan's meeting come to our 420 jail seam meeting,Positive
682,jai jagannnnnnnbnnnbnnnbnnnbbbb,Positive
683,2024 low awakening,Positive
684,pal provide general flags jai jagan jai jagan jai jagan jai jagan jai jagan jai jagan jai jagan jai,Positive
685,super and excellent,Positive
686,people's leader jagan people's leader jagan people's leader jagan people's leader jagan people's leader jagan,Positive
687,"for the last four years, jagan has taught his community (jagan reddy sajjala ramakrishna reddy mithun reddy bugganna rajendranath reddy sai reddy peddireddy srikanth reddy subbareddy roja reddy mega krishna reddy rajendranath reddy etc) to all the rest of the people ""to eat fish not to catch them"" this is to say in one sentence about the jagan administration. he believed that the people who ate those fishes would be waiting for him anyway.",Positive
688,next cm jagan,Positive
689,that is the power of jagan anna jai jagan anna god bless you forever and ever all is well jagan anna,Positive
690,super scream,Positive
691,tagge dey ley,Positive
692,good,Positive
693,"if veela gets so much crowd, if jagan goes down to the ground, the earth will shake like my samiranga, won't it?",Positive
694,jai jagan,Positive
695,jai isar jai jagan ana up best sim ma ana jagan ana,Positive
696,jai jagan jai jagan jai jagan,Positive
697,jayaho jagan,Positive
698,yakchi is in the song pisika,Positive
699,jai jagan anna,Positive
700,jai jagananna love you jagananna god bless you jagananna,Positive
701,jai jagan,Positive
702,jai jaganna,Positive
703,jai jagan,Positive
704,jai jagan,Positive
705,the song is like jagan's face,Positive
706,people of andhra state are crazy people and they are making a ruckus with public money and destroying the state. understand people of andhra state.,Positive
707,grate jai jagan nextcm ys jagan,Positive
708,jai pawanism,Positive
709,"somewhere in telangana sunna sena itdp social media is not posting comments in ac offices war one side here sunna sena social media itdp offices are all in telangana and they are doing injustice to andhra youth by not giving them employment taxes are tied to telangana and politics are being done in andhra bollibhabu has no home pavala has no home even if you all come and enroll in the voter list, the deposits will not come",Positive
710,jay saban,Positive
711,cm jagan is a leader who knows the hardships of the people,Positive
712,420 jagan 2023 otam 25 pak,Positive
713,graphics are good,Positive
714,"how many yatras will babu do in the past when he filled the bus of all the mlas? whose money will he do this? on the other hand, if the tdp case is going on in the supreme court, the yatras, the policemen are sacrificing their lives for you all, the lives of the activists who are living as slaves are atrocious, the day will come when there will not be a single slave around you, there should be a change in the people, the officials who are putting the systems from the hands of the law into the corrupt hands of the rulers, should be given life imprisonment or a few years. if there is governance, the systems will come out of the mouths of the five-year rulers, otherwise the authorities are implementing the wretched things that the rulers say without even thinking. only then will democracy be saved. when a new case comes, the old case is forgotten or bailed. for so many months and years, every single attack, murder, corruption is being discussed about mafias. is at least one of these proven? it seems that the rulers are judging. release those who committed murder in gujarat on independence day. ours is a great country.",Positive
715,pekke medea,Positive
716,in samajika ycp let's look at caste let's look at religion let's see 70% mla seats and 90% nominated seats only to reddys ycp who doesn't trust jagan check,Positive
717,even the songs will not be set when the time comes,Positive
718,jai jagan,Positive
719,it seems that what is the role and what is the birth,Positive
720,who doesn't believe witness graphics,Positive
721,jai jaganna jai ​​jai jaganna,Positive
722,the song is the absolute worst,Positive
723,jai jagan,Positive
724,"jagan needs some capital, we need yami vadu jagan garu 30 all the cm",Positive
725,come paain chusev,Positive
726,jai jaganna jai ​​jaganna,Positive
727,superb,Positive
728,waste gaddu cm jagan next jail ready to jagan reddy,Positive
729,jaganan could not wait,Positive
730,let's bring jaganmohan reddy,Positive
731,always jagan,Positive
732,election code vast and meetings ok ru raru,Positive
733,do they stop the buses going to me ura for your bus trip or leave them after taking money from hijras than you?,Positive
734,paytm batch,Positive
735,well said sir super super excellent good information sir,Positive
736,"why is it that the social movement has spread among the people, and how many dramas of ycp are not seen in it?",Positive
737,bcs are not weak groups but strong groups jai telugu nation,Positive
738,"after the division of the state, chandrababu naidu made a surplus of 22 million units in the state with his experience and provided 24/7 electricity to every house for 24 hours to industries.",Positive
739,good information sir,Positive
740,"the state of andhra pradesh, which went back 20 years, is in the hands of a madman",Positive
741,avadra? e taitil pettindi? tdp ki kadu chavudebba? mie chanal ku chavidebbemo? jakkier ku ycp baga ne mutta jeputonda? nela nela mudatunnatlundi? tokka lo visleshana? salle??,Positive
742,"there is no such scene, father voters are all ready to decide tdp",Positive
743,very much preference was given to the people of bc sc st and minority in the regime of ys jagan when compared to other cm s regime that's fine this presentation by you is good,Positive
744,the worst analysis is that he can't speak telugu,Positive
745,zekir y s r c p nundi payment charenda,Positive
746,cmjagannext,Positive
747,hi,Positive
748,yama's blows are known beforehand,Positive
749,tdp i stained it leda,Positive
750,tenali,Positive
751,who is this trip for a govt who can't even give notification and conduct correctly?,Positive
752,farmers are suffering a lot due to drought and no rains,Positive
753,jai janansena,Positive
754,"<a href=""https://youtu be/jtjktwd0q9u?si=cz8jdqtvkdoezj9a"">https://youtu be/jtjktwd0q9u?si=cz8jdqtvkdoezj9a</a>",Positive
755,babu's all the loopholes of ycp are playing,Positive
756,jai jagan anna,Positive
757,"once pushpa srivani's administration talks about her frauds, anarchies, robberies, and others are unnecessary.",Positive
758,"destruction of the farmers due to your surveys, the farmers would commit suicide by drowning their horns",Positive
759,it would be better if jagan and anna came to the public than you,Positive
760,this is waste channel sakshi rip witness channel,Positive
761,jai jagan anna johar y s r,Positive
762,"era sureshu, are you here?",Positive
763,bc sc st minority mantrulu road meeda padi jagan bhajana aa shaaka pettanaalu panulu maatram mukya salahaa daarulu chuskuntaaru hat's off jagan anna kaalam tho pani lekunda ee aadunika kaalam lo kooda janaalni gorre lani cheyaali ani prayatnistunaav,Negative
764,"he cheated the unemployed by saying that he would give them mega disc, this seam is again coming to the public with m's face.",Positive
765,tenali,Positive
766,jai jagan anna,Positive
767,gurkha minister,Positive
768,super,Positive
769,know this you mad dogs,Positive
770,this jagan is an evil housekeeper bandit thief who gave 10 thousand rupees to each of them and stole literally 5 20 000/- per year from each of them under the name of navaratna.,Positive
771,oh no nepalese child how well you are crying poor thing,Positive
772,jay saban,Positive
773,shut up people who are not there,Positive
774,"in the last four years, jagan has made his social (jagan reddy sajjala ramakrishna reddy mithun reddy bugganna rajendranath reddy sai reddy peddireddy srikanth reddy subbareddy roja reddy mega krishna reddy rajendranath reddy *** reddy *** reddy *** reddy *** reddy *** reddy * ** reddy *** reddy *** reddy *** reddy *** reddy etc) is this yatra of inkendukabba that achieves empowerment? oh, there are still many people in that category! do they want power again for their empowerment?",Positive
775,"agri gold defendants have not received the amount for a few thousand crores, sir",Positive
776,super 175,Positive
777,jai jagan anna,Positive
778,"for the last four years, jagan has been wrong for his community (jagan reddy sajjala ramakrishna reddy mithun reddy bugganna rajendranath reddy sai reddy peddireddy srikanth reddy subbareddy roja reddy mega krishna reddy rajendranath reddy etc) to all the rest of the people ""he taught them to eat fish not patta"" this is to say in one sentence about the jagan administration. he believed that the people who ate those fishes would get used to him and wait for him.",Positive
779,super,Positive
780,super scream,Positive
781,we need jaganmohan reddy to come again as the chief minister with the cold blessings of god and the cold blessings of the people.,Positive
782,నేను నా దేశం భారతదేశంలో ఉన్న అన్ని రాజకీయ పార్టీల అధినేతలకు హెచ్చరిక bjp congress tdp ysr bsp janasena trunamul congress jds dmk ఇలా ఇంకా భారతదేశంలో ఉన్న పార్టీల అధినేతలు మీరందరూ దేశ పౌరుల భవిష్యత్ కన్నా మీ పార్టీల మనుగడ కోసం కులాలు మతాలు అని భారతదేశ ప్రజలలో ఉన్న ఐకమత్యం దూరం చేయాలని ఈ మధ్యకాలంలో ఎక్కువగా మీడియా డిబేట్స్ పెట్టి ఏ కులానికి ఎక్కువ  ఓట్లు ఉన్నాయి ఏ కులం వారికి తక్కువ ఓట్లు ఉన్నాయి అని డిబేట్స్ పెట్టి మరీ మీ పార్టీలు అనాలోచితంగా ప్రవర్తిస్తున్నాయి ఇది రాజ్యాంగ విరుద్ధం అని తెలియని మీలాంటి వారు భారతదేశ రాజకీయాలలోనికి రావటం చాలా అవమానకరంగా బాధగావుంది దయచేసి ఇటువంటి డిబేట్స్ పెట్టవద్దు అని ప్రార్ధిస్తున్నాను భారతదేశ పార్టీ అధినేతలారా! భారతదేశ ఎన్నికల ముఖ్య ఉద్దేశ్యం      ఏమిటో మీకు తెలుసా? భారతదేశ ఎన్నికల ముఖ్య ఉద్దేశ్యం ఒక్కటే   భారతదేశంలో తనా మనా అని బేధం లేకుండా భారతదేశంలో అన్ని కులాలవారికి అన్నిమతాలవారికి భారతదేశలో ఉన్న వనరులు సమానహక్కులు కల్పించి సమసమాజ నిర్మాణం చేయటానికే భారతదేశ ఎన్నికలు నిర్వహించడానికి ప్రధానకారణం భారతదేశంలో  వున్న కొన్ని  పార్టీల అధినేతలు ఈ విషయం మరచిపోయి కులాలు మతాలు అని ప్రజలలో వేరు భావం చూపించే ప్రయత్నం చేస్తున్నారు ఇది రాజ్యాంగ  ఉల్లంఘన అవుతుంది అంతేకాదు దేశంలో వున్న వనరులు దేశ ప్రజలకు అందిచకుండా దేశ సంపదను  దోచుకుని విదేశాలకు తరలిస్తున్నారు ఇది కూడా రాజ్యాంగ ఉల్లంఘన అవుతుంది అని తెలుసా? భారతదేశంలో పౌరులు త్వరలో ఈ అవినీతి రాజకీయ పార్టీల అధినేతలను భారతదేశ న్యాయస్థానాలముందు దోషులుగా నిలపెడతారు అనే విషయం మరచిపోతే ఇక మిమ్ములను ఈ ప్రపంచంలో ఎవరూ కాపాడలేరు అనే విషయం గుర్తుంచుకుని దేశ ప్రజలకు మంచి పరిపాలన అందించటానికి ప్రయత్నం చేయండి   పార్టీల అధినేతలారా మీకు ఏమికావాలి? అసలు మీరు భారత రాజకీయాలలోనికి ఎందుకు వచ్చారు? 1) నేనే భారతదేశానికి మకుటం లేని మహారాజు అవ్వాలని వచ్చారా? 2) నేనే భారతదేశంలో ధనవంతుడు అవ్వాలని వచ్చారా? 3) భారతదేశ సంపదను దోచుకోవటానికి వచ్చారా? 4) పార్టీల పేరుతో పార్టీల నాయకుల శ్రమను కష్టజీవుల శ్రమను దోచుకోవటానికి  వచ్చారా? 5) భారతదేశంలో  స్త్రీల తెలివితేటలని అనగతోక్కటానికి వచ్చారా? ఇంకా ఎన్నో ఉన్నాయి మీరు ఇంతవరకు ఏమిసాదించారో దయచేసి దేశ ప్రజలకు ప్రత్యక్షంగా  చూపించండి అసలు భారతదేశంలో మీ పార్టీ అధినేతల లక్ష్యం ఏమిటి? మీ పార్టీల ఆశయం ఏమిటి? మీరు పార్టీలు స్థాపించిన దగ్గరనుండి దేశ పౌరులకు మీరు ఇచ్చిన సందేశం ఏమిటి? భారతదేశ పౌరులు మిమ్ములను ఆదర్శంగా తీసుకుని జీవించే విధంగా మీరు దేశాన్ని పరిపాలిస్తున్నా రో లేదో ఒక్క సారి మీ ఆత్మ పరిశీలన చేసుకోండి మీరు మీ పార్టీ సిద్ధాంతాలకు కట్టుబడి ఉన్నారా? భారతదేశానికి స్వాతంత్రం వచ్చిన దగ్గరనుండి దేశ ప్రజలకు నాయకులే అన్ని సర్వస్వం దయచేసి భారతదేశంలో వున్న అన్ని పార్టీల అధినేతలు ప్రజల నమ్మకాన్ని కాపాడి కులాలకు మతాలకు అతీతంగా ఉంటూ భారతదేశ పౌరులకు అండగా ఉండండి భారతదేశ ప్రగతిలో మీ పార్టీల అధినేతలు  భాగస్వాములుగా ఉంటూ సమసమాజ నిర్మాణానికి పునాదులు వేయాలని భారతదేశ ప్రజల తరపున ప్రార్ధిస్తున్నాను ఒక విన్నపం :- పార్టీల అదినేతలరా! దయచేసి సంపాదన కోసం రాజకీయ పార్టీలు పెట్టకండి దేశానికి సేవచేయటానికి ప్రజలకు అండగా ఉండటానికి రావలసిందిగా ప్రార్ధిస్తున్నాను పార్టీల అధినేతలరా!ఒక్క నిజం భారతదేశంలో 70 సంవత్సరాలు వయసులో ఉన్న వృద్దులుకూడా తన కష్టంతో ఇప్పటికి సంపాదించుకుని కడుపు నింపుకుంటున్నారు మరి మనదేశంలో కొంతమంది పార్టీల పేరుతో దేశ ప్రజలకు అందవలసిన సంపదను దోచుకుని జీవిస్తున్నారు మరి మీ పార్టీ అధినేతలు దేశానికి అవసరమా?ఒక్క నిమిషం ఆలోచిస్తే మీకే సమాధానం దొరుకుతుంది ఇంకా ఉంది ధన్యవాదములు భారతదేశ రాజ్యాంగమే భారతదేశ ప్రజల శ్వాస జైహింద్ ఇట్లు మీ భారతదేశ పౌరుడు  ,Positive
783,"after defeating nadendla's room, the thief is badass and english medium",Positive
784,2024 ysrcp flag should be waved jagan mohan who was admired by the people should come again we need jaganan,Positive
785,"cm jagan mohan reddy is always ready to take oath in 2024. the whole country thanks sir cm says ys rajasekhar reddy ys jaganmohan reddy is in the heart of people, administration is ready to take oath that's why people love jagan mohan reddy, he should always be cm jagan mohan reddy. praying for jaganmohan reddy sir to be well",Negative
786,god blesses you ys jagan mohan reddy jai jagan jai ysrcp god always with you brother,Positive
787,jai pulibidada,Positive
788,what did the mother and sister get? ekkafundi social justice drama paid trip tussu people who take money and compete.,Positive
789,god gifted cm of ap,Positive
790,our god is jagan,Positive
791,super jagan c m sir,Positive
792,jai jagan is popular for doing good,Positive
793,ch did not give for how many days,Positive
794,jai jagan anna,Positive
795,420 jagna,Positive
796,420 jagan,Positive
798,175/175 in y nat 2024 are next to ysrcp paper sir,Positive
799,jai jagan,Positive
800,jai jagan anna,Positive
801,like old videos,Positive
802,fake video,Positive
803,welcome jai jagan for his dedication and his governance,Positive
804,the disk is there,Positive
805,super super super super super jai jagan anna god bless you forever and ever all is well jagan anna,Neutral
806,jai jai jagan,Positive
807,whatever is known,Positive
808,jai jagan's brother,Positive
809,ycp did not turn,Positive
810,"just wait, this is the trail, once jagan will come out, that's all, this mota mota will be ringing, waiting, jai hom jaganna.",Positive
811,you are super jai jagan mohan reddy garu,Positive
812,why travel if you have done well,Positive
813,"kogi is still close to home, jogi still doesn't believe the new dramas of tome",Neutral
814,175/175 jai jagan anna,Positive
815,"current bills, bus charges, prices of essential goods, even petrol prices have gone up and people are in trouble",Positive
816,manohar won this time too,Positive
817,"madhe ambedkar konaseema district sc kulam i am a security guard in hyde, we are not allowed to enter the house, sir, the house may be government, she is chayaladuma.",Positive
818,super cm,Positive
819,jai jagan,Positive
820,super,Positive
821,super jai jagan anna,Positive
822,mata nila bettu kunna oke okka magadu c m g sodi kaburlu cheppi (ejanda menifesto net lo teesi vesi road ekki sodi kaburlu cheppi navadi kibudhi cheppe roju kosram sidhapadandi jai jagan anna well done,Positive
823,let's bring janga,Positive
824,mr jagan is not even putting foot on the ground yet still so much crowd now imagine once he comes out for tour during election it will be unimaginable crowd,Positive
825,good luck,Positive
826,epudu gurthu vachindi na sc na st na bc soooooo epudu elections vastunai kada epudu andaru gurthu vastaru cm ku enni rojulu pakana peti epudu na sc na st anta chiii chudataniki sigu ga vundi,Positive
827,bad ycp,Positive
828,"anyone will come if you give them money, that's all",Positive
829,"anyone will come if you give them money, that's all",Positive
830,jai jagan,Positive
831,super sir jai jagan,Positive
832,jai pulivendula puli jai vicercp,Positive
833,super,Positive
834,good government great cm jagan mohan reddy,Positive
835,jai jagan reddy,Positive
836,wonderful,Positive
837,super chase anna,Positive
838,super,Positive
839,super cm - mastermind,Positive
840,great cm jagan who fulfills his promises and asks for votes,Positive
841,"for this too, has a target been set for volunteers for the evacuation of people",Positive
842,in andhra vsrcp 1st failed place tenali vsrcp candidate will fail in chompulsory tenali if not change,Positive
843,all the best jai jagan jai ycp god bless you jagan,Positive
844,the size of the lava,Positive
845,jaehauserjaijagan,Positive
846,jajagan,Positive
847,jaiysrcp,Positive
848,good,Positive
849,jajagan,Positive
850,awesome,Positive
851,wasn't your jagan reddy in jail for 16 months?,Positive
852,naku aythey em use ledhu i government lo malli nenu reddy ni em chestham peruke reddy naku oka scheme kuda raledhu ranivaledhu ma village lo maku em levu properties em chestham time naku aythey em scheme raledhu anthey,Positive
853,there is no photo of vissar in the bus,Positive
854,oka reddy party social justice chi chi chi jai andhra bc party and bc velama party,Positive
855,"if there is a god, then all our ocs will turn together. come on, you also have lips in our ocs, recognize them and help them.",Positive
856,jai jagan sir,Positive
857,jai jai jagan anna jai ​​jai jagan anna jai ​​jai jagan anna jai ​​jai jagan anna jai ​​jai jagan anna jai ​​jai jagan anna jai ​​jai jagan anna jai ​​jai jagan anna jai ​​jai jagan anna,Positive
858,iam ysrcp top official website,Positive
859,what did oc do?,Positive
860,super,Positive
861,this is jai jagan's social empowerment yatra,Positive
862,super brother,Positive
863,jay cup,Positive
864,"no matter how many pretenses you put on, the majority of people still believe you",Positive
865,super brother,Positive
866,financial assistance is being provided to the poor,Positive
867,jagan samajikta yatra zindabad,Positive
868,there are 200 members in front of the bus and it's not that big of a crowd.,Positive
869,wonderful,Positive
870,super everyone's party,Positive
871,super,Positive
872,super,Positive
873,jai jagan,Positive
874,want to hear what you have to say?,Positive
875,laughter will come,Positive
876,jai jagan anna,Positive
877,a son of lanza became the cm of a state in 2019 by saying mega dsc will be given to him.,Positive
878,g jagana is a super brother,Positive
879,tell me what you did for how many more days,Positive
880,not even a thousand people will be there,Positive
881,jai jagan jai sir cp dubai wa kishore,Positive
882,jai tantra jai ​​jagan,Positive
883,let modi wake up wherever he goes,Positive
884,jai jagan sir,Positive
885,2024 156 y c p pakka jagan anna c m is king,Positive
886,jai jagan,Positive
887,tdp pkg goovinda,Positive
888,jai jagan anna,Positive
889,"it really depends on who sings the song, rovidi vedhavalla",Positive
890,jai jaganna god bless you jaganna,Positive
891,super duper hit why not 175/175 sure no doubt,Positive
892,rowdy ruling boothula party,Positive
893,janam pix nest meere jai jagan,Positive
894,songs not good change,Positive
895,boy boy ycp save up up people fixed only 5 months time to ycp,Positive
896,jai jagn anna,Positive
897,super song,Positive
898,ma anna mass leader ap tiger jai ysr jai jagan anna ap best cm ma anna jagan anna,Positive
899,"i don't like it when movie people come into politics, but i want songs like in movies. how many yatras did babu do in the past when he filled the bus of all the mlas? whose money does this? on the other hand, if the tdp case is going on in the supreme court, the yatras, the policemen are sacrificing their lives for you all, the lives of the activists who are living as slaves are atrocious, the day will come when there will not be a single slave around you, there should be a change in the people, the officials who are putting the systems from the hands of the law into the corrupt hands of the rulers, should be given life imprisonment or a few years. if there is governance, the systems will come out of the mouths of the five-year rulers. otherwise, the officials are implementing the wretched things that the rulers say without even thinking. if there is president's rule for a few years, the people will get relief from the corruption of these poor political parties",Positive
900,worst government useless cm,Positive
901,it's only if the mla still had a tiger kevlaka kakkakkaaaaaaa ante,Positive
902,jaiho jai jaganna this was the best cum sssssss the great cum,Positive
903,jai jagun,Positive
904,jai jagan,Positive
905,janmantha jagan vent,Positive
906,dream of capturing a tiger and chasing cats,Positive
907,tagge dey ley,Positive
908,jai jagan,Positive
909,super,Positive
910,"while listening to the song, the goobs bejeweled",Positive
911,they don't believe you jagananna,Positive
912,did the volunteers come by force?,Positive
913,ys jaganmohan reddy who is popularly known as pulivendala pulibidda rajanna muttula biddda jaganmohanu is the permanent cm of ap.,Positive
914,"super cm i am praying that you will always be the cm.our whole family likes jaganmohan reddy sir very much.when ys rajasekhar reddy sir, we our family cast all our votes for ys rajasekhar reddy sir. but we are praying to stay in heaven and also we vote win by vote ys rajasekhar reddy sir means we have a lot of life now we still love his son ys jaganmohan reddy sir we are praying in mosques to be the cm wherever he is or for generations.",Negative
915,lafoot jagan gadu,Positive
916,or anna vasantandu jai jagan anna,Positive
917,whatever is known,Positive
918,jai jagan says with humans,Positive
919,congrats observe enemies one side god bless all yatras andsuccess,Positive
920,jai tdp,Positive
921,super,Positive
922,jai jagan sir 175/175 is next to ysrcp parthi in 2024 sir,Positive
923,600 rupees per person for attending bojanamu meeting,Positive
924,super,Positive
925,jai jagan jai jagan jai jagan,Positive
926,jananayakudu,Positive
927,tussu yatra drama people dechided no why chip paid yatra money ifte tusnu potoru,Positive
928,jai tdp,Positive
929,ji jagan,Positive
930,people were forcibly moved,Positive
931,jai jagan anna,Positive
932,jananayak jagan mohana jagan means people,Positive
933,jananayak jagan mohana jagan means people,Positive
934,jananayak jagan mohana jagan means people,Positive
935,jananayak jagan mohana jagan means people,Positive
936,jananayak jagan mohana jagan means people,Positive
937,jananayak jagan mohana jagan means people,Positive
938,jananayak jagan mohana jagan means people,Positive
939,jananayak jagan mohana jagan means people,Positive
940,jananayak jagan mohana jagan means people,Positive
941,jananayak jagan mohana jagan means people,Positive
942,jananayak jagan mohana jagan means people,Positive
943,jananayak jagan mohana jagan means people,Positive
944,vudyogaalu emi icaavu adi cheppu chaduvukunna pillalaku vudyogaallev kaarmikulaku panulu levu raitulaku gittubaatu ledu neellu levu current bills katte paristiti ledu anni ratelu perigi bratiketatlu ledu kalti madhyam to ento mandi chanipotunnaru ichedi padi velu maanunchi bills perigi laakkunedi iravie velu maa bhumulu ratelu padipoyaayi sc st bc minority la pie ee govt lo jariginanni daadulu epudu levu mottam govt lo post lanni reddy le capital ledu roads levu irrigation projects levu govt jobs levu govt job holders ki salaries levu pensioners ki pensions sariga ivvatledu hospital bills kattatledu contractor bills kattatledu andaru valasa vellipotunnaru raastram nunchi ivi chaalledani ekkada chusina godavalu rowdyism adigina vaallani jail lo pedtam champinchatam butulu maatalu rowdy raajyam inka chaalu maa raastram nasanam chesindi ika pondi,Positive
945,jai jagan anna next cm,Positive
946,super super super super that is the power of jagan anna jai jagan anna god bless you forever and ever all is well jagan anna,Positive
947,how can we take advantage of everything and use the money we have collected for the future of the state,Positive
948,jai jai jai jagan,Positive
949,song is very bad,Positive
950,kavali jagan jagan should come again and again,Positive
951,jai tdp,Positive
952,people are fixated jai lokesh jai pawan,Positive
953,nest cm jagan,Positive
954,super,Positive
955,people will not believe the bus yatra by destroying up,Positive
956,abba goes around the potholes road or kaman cuts and pours out and shakes the cow.,Positive
957,"there are many people but they are not happy, they are walking reluctantly, only a few leaders are smart.",Positive
958,ysr party name 10 years back,Positive
959,boccalo yatra,Positive
960,jagan destroyed andhra pradesh,Positive
961,bossu yathra,Positive
962,jay saban,Positive
963,there is no shame in a bus trip when the padayatra is authorized when it is played as one chance is one chance,Positive
964,bjp brs ycp both are same,Positive
965,tdp,Positive
966,jai jaganna,Positive
967,biryani packet quarter cheap,Positive
968,how much was given to the flag bearer?,Positive
969,happy journey jaggu by 2024,Positive
970,drink ucha 200 300 single glasses,Positive
971,the whole world is not shocked,Positive
972,hello ap bye bye ycp,Positive
973,the ycp pack party is the crowd for nothing,Positive
974,saamaajika saadhikaaratha 1) sc st bc laku appointment undadhu maryaadha undadhu 2) home ministers just bommalu 3) redlaku thappa evarikee padhavulu petthanam undavu kaalakeya bus yatra,Positive
975,a bike trip is better than a bus. buses are security bikes,Positive
976,thanks for elaborating on the good points,Positive
977,there are no yatra social boards ever and songs are like magic,Positive
978,"not only in tenali but also in ichchapuram, the bus trip is not going to explode",Positive
979,jai tdp jai cbn,Positive
980,jai tdp,Positive
981,this channel is this janam thattu,Positive
982,hahaha,Positive
983,trip to jaffa,Positive
984,jai jagan mohan reddy,Positive
985,do not be afraid of any polyvedic people,Positive
986,jai jagan anna great lidaru,Positive
987,jai jasp jai jap jap,Positive
988,what a crowd no leader can get this crowd in india super cm,Positive
989,"if paid artists, volunteers, enjoy with money come again, hyderabad will jump into the sky.",Positive
990,parama chetta yatra ycp d,Positive
991,jai tdp,Positive
992,whatever you do tdp big winner 100/ in 2024,Positive
993,420ycp hem pekenaru 4yrs,Positive
994,how much was given to each man,Positive
995,buchchu ra,Positive
996,i am with cbn sir u?,Positive
997,1000 free diesel petrol per day,Positive
998,how much was given and brought to each one,Positive
999,that's jagan jai ycp jagan,Positive
1000,jay jagan anna happy journey u,Positive
1001,jai jagan,Positive
1002,jaya babugaru is the next cm babugaru,Positive
1003,jagan 420 kam,Positive
1004,"no matter what you do, you should have people's support",Positive
1005,those flags are left for the last ones,Positive
1006,compartment,Positive
1007,great performance,Positive
1008,jai varahi jai jansana jai ​​tadap,Positive
1009,jai cbn fake,Positive
1010,jay saban,Positive
1011,jai jagan jagan is cm again,Positive
1012,jai tdp,Positive
1013,meku deposit is also suitable,Positive
1014,sacrificial journey,Positive
1015,let's vote for jensen,Positive
1016,2024 jagan anna once more jay jay jagan anna & jagan anna zindabad,Positive
1017,"no shock, no twists",Positive
1018,jai tdp,Positive
1019,these are path video no one is there i have seen people,Positive
1020,jai tdp,Positive
1021,paid artists who come if a chicken is given a presidential medal,Positive
1022,jai tdp,Positive
1023,ing pleased,Positive
1024,psycho fovali cycle ravali,Positive
1025,the psycho ycp party has put in crores of tricks and tdp is coming,Positive
1026,how much paid to the public for this program? ap people don't make sense how to attend the program,Positive
1027,jay saban,Positive
1028,ycp is upset by showing old video clips,Positive
1029,420 party,Positive
1030,jai cbn sir,Positive
1031,jai tdp,Positive
1032,"it's always a photo shot, people are not idiots to see your posts",Positive
1033,where is bus? fake video,Positive
1034,jay kannan jay lokesh,Positive
1035,they are all a flock of sheep,Positive
1036,"if your leaders don't believe in you or take their businesses and put them in neighboring states, how do you think people will believe in you?",Positive
1037,her tdp her her tdp,Positive
1038,great to see the crowd hope black money has come out for distribution good days have started for jobless youths atleast have 1k to their expenses,Positive
1039,a chicken is a medicine bottle,Positive
1040,tenali's fingers,Positive
1041,oreille use lucha,Positive
1042,jai saban jai telugudesam,Positive
1043,why not develop evani?,Positive
1044,the fur,Positive
1045,jai tdp,Positive
1046,50 km of road,Positive
1047,jai jagan,Positive
1048,no deposit for this government only 120 days,Positive
1049,no subject matter waste meeting concentrate on public issues such as water crises and high rates municipal taxes thanks,Positive
1050,"shut up, the rule is not yours",Positive
1051,"overall, there is not a single snap kuda towards the people",Positive
1052,flop show,Positive
1053,psycho povali cycle ravali,Positive
1054,polavaram and jobs are important,Positive
1055,"it is not enough to have pride in the camel, it should be crushed in the head of the vedas.",Positive
1056,super,Positive
1057,"ayyappa said that no one should scold you, big plunney",Positive
1058,please provide jobs and development what is the use of these politics,Positive
1059,2024 ap cm seebum 100 % pakka al muslims vote s seebum sir muslims ramzan tofa dulhan scheme tisesadu worst jalag,Positive
1060,the first loser is vd,Positive
1061,jai jagan to jai awan,Positive
1062,2024ysrcpjendareparepalujaijagan,Positive
1063,speak some truth,Positive
1064,good speech sir,Positive
1065,up al muslims vote s seebum sir k 2024 up seem seebum 100 % leeches done by pakka muslims,Positive
1066,cbn chysada ledha pakkana petandi munudu meeru ame chesaru ap ki adi chypandi no develop no capital okka company kuda tisukuraledhu ani prajalu chustunaru next ycp ki ap prajalu machine gift estaru 2024,Negative
1067,how many people in reddy got in the named posts,Positive
1068,ganta araganta 6093 mohalu chusi yenkatala mimmalani baag tidutunnaru anna mana dappu maname kodutunnandulaku annalara ee five monthse mee palana tarvata ee sakshi tv meeru yekkada vuntaro appudu eejanalaki chaala enjoy dorukutundi,Positive
1069,super wasp,Positive
1070,super,Positive
1071,good,Positive
1072,how much did you pay per head for participation??,Positive
1073,ysr party andari party,Positive
1074,good,Positive
1075,big fight my son,Positive
1076,brotaltripofycp,Positive
1077,we have to beat our own drum,Positive
1078,jai jagan mahan reddy jai avanti,Positive
1079,chandrababu's money is more important than pawan kalyan's politics,Positive
1080,"go to bed, baby, turn around",Positive
1081,hello half bell where have you been all these years,Positive
1082,"the ycp flag is not jagan's flag, it is the people's flag",Positive
1083,paatha cheppu latho (1)naara chandra babu (2)baliganni (3)pavala gadini (4) lokesh gadini (5) bhuvaneswarini (6) bramhini ane danni (7)pacha media ee yeduguru nethi meeda juttu vudentha varaku kottandee,Positive
1084,pls stop your useless statements we are not fools to believe ysrcp,Positive
1085,jai jagan next kam jagan,Positive
1086,let's see caste let's see religion 70% mla seats and 90% nominated seats are given to reddys only who doesn't believe ysp jagan check,Positive
1087,janmabhoomi committees 2024 compulsory vastamu we will incinerate this volunteer army and we will start chandranna rajyam again.,Positive
1088,orei avanti where are you for so long homocepine ga,Positive
1089,nice,Positive
1090,2024 ap cm seebum 100 % pakka al muslims vote s seebum sir muslims ramzan tofa dulhan scheme tisesadu worst jalag,Positive
1091,the first loser is vd,Positive
1092,jai jagan to jai awan,Positive
1093,2024ysrcpjendareparepalujaijagan,Positive
1094,speak some truth,Positive
1095,good speech sir,Positive
1096,super,Positive
1097,ysrcp for her,Positive
1098,jai jagun,Positive
1099,that is ja gan anna,Positive
1100,great speech jai jagan,Positive
1101,mest mp,Positive
1102,vissar's party should not work with her and give her a post,Positive
1103,where did this thieving sister 2021 go?,Positive
1104,where did this thieving sister 2021 go?,Positive
1105,where did this thieving sister 2021 go?,Positive
1106,jump jilani sister,Positive
1107,sssssss,Positive
1108,are you in ycp now?,Positive
1109,no jump jumping,Positive
1110,he liked it,Positive
1111,wonderful,Positive
1112,"is anyone watching your channel? actually, if you come again, there is no money lender who is begging for projects.",Positive
1113,super anna jai ​​anil kumar yadav garu,Positive
1114,orai mental jagan first control rowdism in ap,Positive
1115,2024 ap cm cbn sir best cm,Positive
1116,god bless you all wonderful amusing lovely superb super,Positive
1117,"unfortunately, no one came to ichapuram the other day, today they will get another 500 more",Positive
